id,description_main_length_2,size_length_4,manufacturer_first_letter_upper,size_length_3,price_1000_distributor_orbital_fasteners,type_no_space_length_3,description_extra_upper_length_4,classification_no_space_length_4,color,classification_no_space_upper_length_4,classification_no_space_upper_length_3,name,size_upper_length_6,md5,color_upper_length_2,description_extra_no_space_upper_length_6,classification_length_6,manufacturer_name,part_number_first_letter_upper,description_extra_no_space_length_6,size_no_space_upper_length_5,description_extra_upper_length_3,size_no_space_length_6,classification_first_letter,classification_length_1,description_main_first_letter_upper,type_upper_length_6,color_first_letter_upper,md5_6_upper,description_extra,part_number_first_letter,size_no_space_length_3,size_upper,manufacturers,description_extra_length_2,description_extra_no_space_upper_length_4,part_number_manufacturer_metalmate,color_no_space_length_4,color_upper_length_1,size_length_5,description_extra_no_space_upper_length_2,description_extra_length_3,type_length_3,classification_no_space_upper_length_1,oomlout_short_code,part_number_distributor_orbital_fasteners,type_length_5,oomp_id,classification_no_space_length_2,classification_upper_length_1,type_upper_length_3,part_number_capital,size_only_numbers_no_zeros,color_upper_length_5,oomlout_bolt_head_type,oomlout_bolt_md5_6_alpha_first_3,classification_no_space_upper_length_5,type_upper,description_extra_first_letter,classification_name,color_no_space_upper_length_2,classification_length_4,distributors,description_extra_name,md5_5_upper,size_length_1,manufacturer,name_no_type,type_no_space_upper_length_1,color_name,part_number_name,color_length_3,description_extra_capital,description_extra_first_letter_upper,description_main_no_space_length_2,type_no_space_upper_length_2,price_1,oomlout_short_code_upper,markdown_full,description_extra_length_4,description_extra_no_space_upper_length_3,type_capital,description_main_upper_length_4,color_upper,size_length_6,classification_no_space_length_3,description_extra_upper,description_main_upper_length_5,description_main_upper_length_2,description_extra_length_1,size_upper_length_5,box_of_box_size_manufacturer_metalmate,manufacturer_first_letter,classification_no_space_length_5,distributor_current,description_or_color_upper,type_no_space_upper_length_3,size_no_space_upper_length_6,classification_no_space_upper_length_2,classification_upper_length_2,description_extra_no_space_length_2,size_upper_length_1,short_code_upper,size_no_space_upper_length_1,oomp_word,oomlout_bolt_head_type_diagram,description_main,webpage_manufacturer_metalmate,size_no_space_length_2,name_no_size_short,color_length_6,description_main_name,type_no_space_upper_length_5,part_number_upper,classification_no_space_length_6,directory,oomp_word_emoji,description_main_no_space_length_3,md5_5,price_200_distributor_orbital_fasteners,description_extra_no_space_upper_length_1,classification_length_2,color_capital,size_capital,type_no_space_length_4,type_upper_length_2,description_main_no_space_upper_length_5,oomlout_bolt_md5_6_first_3,oomlout_bolt_md5_6_alpha_first_3_upper,description_main_capital,description_or_color,name_no_color,size_first_letter_upper,description_main_length_3,oomp_key,description_main_length_5,type_first_letter_upper,description_extra_no_space_length_5,description_extra_no_space_length_3,oomlout_bolt_length_no_unit,description_main_no_space_upper_length_3,oomlout_bolt_md5_6_last_3_upper,id_no_type,classification_length_3,price_current,size,description_extra_upper_length_1,size_only_numbers,color_no_space_upper_length_5,name_manufacturer_metalmate,description_only_numbers,description_main_first_letter,description_main_no_space_upper_length_4,oomlout_bolt_length,oomlout_bolt_md5_6_last_3,classification_upper_length_3,description_main_length_1,md5_6_alpha_upper,markdown_short,description_main_no_space_upper_length_2,type_no_space_length_6,price_100_distributor_orbital_fasteners,size_upper_length_2,color_no_space_length_6,size_name,type_length_4,description_extra_no_space_upper_length_5,manufacturer_upper,description_main_upper,name_no_size,type_length_6,webpage_distributor_orbital_fasteners,type_upper_length_4,type,type_no_space_upper_length_6,color_no_space_upper_length_1,oomlout_bolt_type,size_length_2,type_no_space_upper_length_4,description_main_upper_length_6,filter,md5_10_upper,oomp_word_list,description_main_upper_length_3,id_no_class,color_upper_length_6,size_no_space_length_1,description_main_no_space_length_6,oomlout_bolt_color,quantity_current,color_first_letter,color_no_space_length_3,type_length_1,size_upper_length_4,description_main_length_6,description_main_no_space_length_1,price_1000,description_extra_upper_length_5,github_link,color_no_space_upper_length_3,size_first_letter,oomlout_bolt_size,color_length_1,description_main_no_space_length_5,classification_upper_length_6,type_no_space_length_5,description_extra_length_5,id,type_length_2,oomp_word_emoji_list,description_extra_no_space_length_1,description_extra_upper_length_2,description_main_no_space_length_4,short_code,type_first_letter,oomlout_bolt_md5_6_alpha_last_3,manufacturer_capital,color_no_space_length_5,size_no_space_length_5,description_main_no_space_upper_length_1,type_upper_length_5,description_extra_upper_length_6,color_no_space_upper_length_4,id_no_size,type_no_space_length_1,price_200,size_no_space_length_4,box_size_manufacturer_metalmate,classification_first_letter_upper,description_only_numbers_short,kicad_reference,color_upper_length_3,oomlout_bolt_type_diagram_diagram,classification_length_5,classification,price_10000,color_upper_length_4,color_length_2,classification_capital,description_extra_length_6,price_1_distributor_orbital_fasteners,oomlout_bolt_md5_6_first_3_upper,size_no_space_upper_length_2,size_no_space_upper_length_3,classification_no_space_length_1,md5_10,price_10000_distributor_orbital_fasteners,from_yaml,color_length_5,description_extra_no_space_length_4,description_main_upper_length_1,md5_6,name_no_class,size_upper_length_3,md5_6_alpha,description_main_length_4,classification_upper_length_5,color_no_space_length_1,description_main_no_space_upper_length_6,commonity_code,barcode_manufacturer_metalmate,color_length_4,type_upper_length_1,classification_upper,color_no_space_length_2,classification_upper_length_4,type_no_space_length_2,color_no_space_upper_length_6,id_no_color,size_no_space_upper_length_4,price_100,oomlout_bolt_md5_6_alpha_last_3_upper,oomlout_bolt_name,part_number,classification_no_space_upper_length_6,type_name
hardware_nut_m3,,m3,,m3,0.0016,nut,,hard,,HARD,HAR,Hardware Nut M3,M3,632d2f1cf592d38bafebf6dcced02499,,,hardwa,,,,M3,,m3,h,h,,NUT,,632D2F,,,m3,M3,[],,,Z0322M39,,,m3,,,nut,H,n3m,1771000,nut,hardware_nut_m3,ha,H,NUT,,3,,,,HARDW,NUT,,Hardware,,hard,[],,632D2,m,,M3,N,,,,,,,NU,0.0016,N3M,[hardware_nut_m3](https://github.com/oomlout/oomlout_oomp_part_src/tree/main/parts/hardware_nut_m3/working)<br>[num3](https://github.com/oomlout/oomlout_oomp_part_src/tree/main/parts/hardware_nut_m3/working)<br>[Hardware Nut M3](https://github.com/oomlout/oomlout_oomp_part_src/tree/main/parts/hardware_nut_m3/working)<br><br>,,,Nut,,,m3,har,,,,,M3,64000,,hardw,orbital_fasteners, ,NUT,M3,HA,HA,,M,NUM3,M,rose snowman cyclone,,,https://www.harclob2b.com/m3-din934-gr-8-din267-full-nut-zinc-plated-boxed-z0322m39,m3,M3,,,NUT,,hardwa,parts/hardware_nut_m3,:rose: :snowman: :cyclone:,,632d2,0.0016,,ha,,M3,nut,NU,,,,, ,M3,M,,oomp_hardware_nut_m3,,N,,,,,,m3,har,0.0016,m3,,3,,M3 DIN934 (GR.8 DIN267) FULL NUT ZINC PLATED BOXED,,,,,,HAR,,3VB5B,[hardware_nut_m3](https://github.com/oomlout/oomlout_oomp_part_src/tree/main/parts/hardware_nut_m3/working)<br><br>,,nut,0.0016,M3,,M3,nut,,,,M3,nut,https://www.orbitalfasteners.co.uk/products/m3-mild-steel-hexagon-full-nuts-bright-zinc-plated,NUT,nut,NUT,,,m3,NUT,,hardware,632D2F1CF5,"['rose', 'snowman', 'cyclone']",,nut_m3,,m,,,1000,,,n,M3,,,0.0016,,https://github.com/oomlout/oomlout_oomp_part_src/tree/main/parts/hardware_nut_m3,,m,,,,HARDWA,nut,,hardware_nut_m3,nu,"[':rose:', ':snowman:', ':cyclone:']",,,,num3,n,,,,m3,,NUT,,,m3,n,0.0016,m3,2000,H, ,,,,hardw,hardware,0.0016,,,Hardware,,0.0016,,M3,M3,h,632d2f1cf5,0.0016,False,,,,632d2f,Nut M3,M3,3vb5b,,HARDW,,,7318169290,5050420017503,,N,HARDWARE,,HARD,nu,,m3,M3,0.0016,,,,HARDWA,Nut
hardware_screw_countersunk_m3_black_10_mm_length_hex_head,10,m3,,m3,0.0183,scr,HEX_,hard,black,HARD,HAR,Hardware Screw Countersunk M3 Black 10 mm Length Hex Head,M3,3f4e7ae1acf1a6f88058f0f9da1067f5,BL,HEXHEA,hardwa,,,hexhea,M3,HEX,m3,h,h,1,SCREW_,B,3F4E7A,hex_head,,m3,M3,[],he,HEXH,1151M390010,blac,B,m3,HE,hex,scr,H,cs3b10h,1901020,screw,hardware_screw_countersunk_m3_black_10_mm_length_hex_head,ha,H,SCR,,3,BLACK,Hex Head,2gx,HARDW,SCREW_COUNTERSUNK,h,Hardware,BL,hard,[],Hex Head,3F4E7,m,,M3 Black 10 mm Length Hex Head,S,Black,,bla,Hex Head,H,10,SC,0.0367,CS3B10H,[hardware_screw_countersunk_m3_black_10_mm_length_hex_head](https://github.com/oomlout/oomlout_oomp_part_src/tree/main/parts/hardware_screw_countersunk_m3_black_10_mm_length_hex_head/working)<br>[scsm3b](https://github.com/oomlout/oomlout_oomp_part_src/tree/main/parts/hardware_screw_countersunk_m3_black_10_mm_length_hex_head/working)<br>[Hardware Screw Countersunk M3 Black 10 Mm Length Hex Head](https://github.com/oomlout/oomlout_oomp_part_src/tree/main/parts/hardware_screw_countersunk_m3_black_10_mm_length_hex_head/working)<br><br>,hex_,HEX,Screw Countersunk,10_M,BLACK,m3,har,HEX_HEAD,10_MM,10,h,M3,4800,,hardw,orbital_fasteners,B10,SCR,M3,HA,HA,he,M,SCSM3B,M,horse honeybee camera,head_type_diagram.png,10_mm_length,https://www.harclob2b.com/m3-x-10-socket-csk-screw-gr10-9-self-colour-din-79-1151m390010,m3,Black 10 Mm Length Hex Head,black,10 mm Length,SCREW,,hardwa,parts/hardware_screw_countersunk_m3_black_10_mm_length_hex_head,:horse: :honeybee: :camera:,10m,3f4e7,0.0204,H,ha,Black,M3,scre,SC,10MML,3f4,2GX,10 mm Length,B10,10 mm Length Hex Head,M,10_,oomp_hardware_screw_countersunk_m3_black_10_mm_length_hex_head,10_mm,S,hexhe,hex,10,10M,E7A,m3_black_10_mm_length_hex_head,har,0.0204,m3,H,3,BLACK,M3 X 10 SOCKET CSK SCREW GR10.9 SELF COLOUR DIN 7991 (165),10,1,10MM,10 mm,e7a,HAR,1,2GXA2,[hardware_screw_countersunk_m3_black_10_mm_length_hex_head](https://github.com/oomlout/oomlout_oomp_part_src/tree/main/parts/hardware_screw_countersunk_m3_black_10_mm_length_hex_head/working)<br><br>,10,screwc,0.0367,M3,black,M3,scre,HEXHE,,10_MM_LENGTH,Black 10 mm Length Hex Head,screw_,https://www.orbitalfasteners.co.uk/products/m3-x-10-socket-screw-countersunk-high-tensile-grade-10-9-self-colour-din-7991,SCRE,screw_countersunk,SCREWC,B,Countersunk,m3,SCRE,10_MM_,hardware,3F4E7AE1AC,"['horse', 'honeybee', 'camera']",10_,screw_countersunk_m3_black_10_mm_length_hex_head,BLACK,m,10mmle,Black,200,b,bla,s,M3,10_mm_,1,0.0183,HEX_H,https://github.com/oomlout/oomlout_oomp_part_src/tree/main/parts/hardware_screw_countersunk_m3_black_10_mm_length_hex_head,BLA,m,M3,b,10mml,HARDWA,screw,hex_h,hardware_screw_countersunk_m3_black_10_mm_length_hex_head,sc,"[':horse:', ':honeybee:', ':camera:']",h,HE,10mm,scsm3b,s,a2,,black,m3,1,SCREW,HEX_HE,BLAC,black_10_mm_length_hex_head,s,0.0204,m3,200,H,10,,BLA,type_diagram.png,hardw,hardware,0.0163,BLAC,bl,Hardware,hex_he,0.0367,3F4,M3,M3,h,3f4e7ae1ac,0.0163,False,black,hexh,1,3f4e7a,Screw Countersunk M3 Black 10 mm Length Hex Head,M3,2gxa2,10_m,HARDW,b,10MMLE,7318156890,5050420056236,blac,S,HARDWARE,bl,HARD,sc,BLACK,10_mm_length_hex_head,M3,0.0367,A2,Countersunk M3X10 mm Black (Hex Head),,HARDWA,Screw Countersunk
hardware_screw_countersunk_m3_black_12_mm_length_hex_head,12,m3,,m3,0.0189,scr,HEX_,hard,black,HARD,HAR,Hardware Screw Countersunk M3 Black 12 mm Length Hex Head,M3,ac9e1c526ff9755c186310ceed50276c,BL,HEXHEA,hardwa,,,hexhea,M3,HEX,m3,h,h,1,SCREW_,B,AC9E1C,hex_head,,m3,M3,[],he,HEXH,1151M390012,blac,B,m3,HE,hex,scr,H,cs3b12h,1901030,screw,hardware_screw_countersunk_m3_black_12_mm_length_hex_head,ha,H,SCR,,3,BLACK,Hex Head,6qg,HARDW,SCREW_COUNTERSUNK,h,Hardware,BL,hard,[],Hex Head,AC9E1,m,,M3 Black 12 mm Length Hex Head,S,Black,,bla,Hex Head,H,12,SC,0.0378,CS3B12H,[hardware_screw_countersunk_m3_black_12_mm_length_hex_head](https://github.com/oomlout/oomlout_oomp_part_src/tree/main/parts/hardware_screw_countersunk_m3_black_12_mm_length_hex_head/working)<br>[scsm3b](https://github.com/oomlout/oomlout_oomp_part_src/tree/main/parts/hardware_screw_countersunk_m3_black_12_mm_length_hex_head/working)<br>[Hardware Screw Countersunk M3 Black 12 Mm Length Hex Head](https://github.com/oomlout/oomlout_oomp_part_src/tree/main/parts/hardware_screw_countersunk_m3_black_12_mm_length_hex_head/working)<br><br>,hex_,HEX,Screw Countersunk,12_M,BLACK,m3,har,HEX_HEAD,12_MM,12,h,M3,4800,,hardw,orbital_fasteners,B12,SCR,M3,HA,HA,he,M,SCSM3B,M,shirt clubs dancer,head_type_diagram.png,12_mm_length,https://www.harclob2b.com/m3-x-12-socket-csk-screw-gr10-9-self-colour-din-79-1151m390012,m3,Black 12 Mm Length Hex Head,black,12 mm Length,SCREW,,hardwa,parts/hardware_screw_countersunk_m3_black_12_mm_length_hex_head,:shirt: :clubs: :dancer:,12m,ac9e1,0.0210,H,ha,Black,M3,scre,SC,12MML,ac9,6QG,12 mm Length,B12,12 mm Length Hex Head,M,12_,oomp_hardware_screw_countersunk_m3_black_12_mm_length_hex_head,12_mm,S,hexhe,hex,12,12M,E1C,m3_black_12_mm_length_hex_head,har,0.0210,m3,H,3,BLACK,M3 X 12 SOCKET CSK SCREW GR10.9 SELF COLOUR DIN 7991 (165),12,1,12MM,12 mm,e1c,HAR,1,6QGWS,[hardware_screw_countersunk_m3_black_12_mm_length_hex_head](https://github.com/oomlout/oomlout_oomp_part_src/tree/main/parts/hardware_screw_countersunk_m3_black_12_mm_length_hex_head/working)<br><br>,12,screwc,0.0378,M3,black,M3,scre,HEXHE,,12_MM_LENGTH,Black 12 mm Length Hex Head,screw_,https://www.orbitalfasteners.co.uk/products/m3-x-12-socket-screw-countersunk-high-tensile-grade-10-9-self-colour-din-7991,SCRE,screw_countersunk,SCREWC,B,Countersunk,m3,SCRE,12_MM_,hardware,AC9E1C526F,"['shirt', 'clubs', 'dancer']",12_,screw_countersunk_m3_black_12_mm_length_hex_head,BLACK,m,12mmle,Black,200,b,bla,s,M3,12_mm_,1,0.0189,HEX_H,https://github.com/oomlout/oomlout_oomp_part_src/tree/main/parts/hardware_screw_countersunk_m3_black_12_mm_length_hex_head,BLA,m,M3,b,12mml,HARDWA,screw,hex_h,hardware_screw_countersunk_m3_black_12_mm_length_hex_head,sc,"[':shirt:', ':clubs:', ':dancer:']",h,HE,12mm,scsm3b,s,ws,,black,m3,1,SCREW,HEX_HE,BLAC,black_12_mm_length_hex_head,s,0.0210,m3,200,H,12,,BLA,type_diagram.png,hardw,hardware,0.0168,BLAC,bl,Hardware,hex_he,0.0378,AC9,M3,M3,h,ac9e1c526f,0.0168,False,black,hexh,1,ac9e1c,Screw Countersunk M3 Black 12 mm Length Hex Head,M3,6qgws,12_m,HARDW,b,12MMLE,7318156890,5050420056243,blac,S,HARDWARE,bl,HARD,sc,BLACK,12_mm_length_hex_head,M3,0.0378,WS,Countersunk M3X12 mm Black (Hex Head),,HARDWA,Screw Countersunk
hardware_screw_countersunk_m3_black_16_mm_length_hex_head,16,m3,,m3,0.0224,scr,HEX_,hard,black,HARD,HAR,Hardware Screw Countersunk M3 Black 16 mm Length Hex Head,M3,4d24ea2bbdf6e0962c50a0a7b694b8e4,BL,HEXHEA,hardwa,,,hexhea,M3,HEX,m3,h,h,1,SCREW_,B,4D24EA,hex_head,,m3,M3,[],he,HEXH,1151M390016,blac,B,m3,HE,hex,scr,H,cs3b16h,1901040,screw,hardware_screw_countersunk_m3_black_16_mm_length_hex_head,ha,H,SCR,,3,BLACK,Hex Head,30d,HARDW,SCREW_COUNTERSUNK,h,Hardware,BL,hard,[],Hex Head,4D24E,m,,M3 Black 16 mm Length Hex Head,S,Black,,bla,Hex Head,H,16,SC,0.0448,CS3B16H,[hardware_screw_countersunk_m3_black_16_mm_length_hex_head](https://github.com/oomlout/oomlout_oomp_part_src/tree/main/parts/hardware_screw_countersunk_m3_black_16_mm_length_hex_head/working)<br>[scsm3b](https://github.com/oomlout/oomlout_oomp_part_src/tree/main/parts/hardware_screw_countersunk_m3_black_16_mm_length_hex_head/working)<br>[Hardware Screw Countersunk M3 Black 16 Mm Length Hex Head](https://github.com/oomlout/oomlout_oomp_part_src/tree/main/parts/hardware_screw_countersunk_m3_black_16_mm_length_hex_head/working)<br><br>,hex_,HEX,Screw Countersunk,16_M,BLACK,m3,har,HEX_HEAD,16_MM,16,h,M3,,,hardw,orbital_fasteners,B16,SCR,M3,HA,HA,he,M,SCSM3B,M,bug droplet tractor,head_type_diagram.png,16_mm_length,,m3,Black 16 Mm Length Hex Head,black,16 mm Length,SCREW,,hardwa,parts/hardware_screw_countersunk_m3_black_16_mm_length_hex_head,:bug: :droplet: :tractor:,16m,4d24e,0.0249,H,ha,Black,M3,scre,SC,16MML,4d2,30D,16 mm Length,B16,16 mm Length Hex Head,M,16_,oomp_hardware_screw_countersunk_m3_black_16_mm_length_hex_head,16_mm,S,hexhe,hex,16,16M,4EA,m3_black_16_mm_length_hex_head,har,0.0249,m3,H,3,BLACK,,16,1,16MM,16 mm,4ea,HAR,1,30D0Q,[hardware_screw_countersunk_m3_black_16_mm_length_hex_head](https://github.com/oomlout/oomlout_oomp_part_src/tree/main/parts/hardware_screw_countersunk_m3_black_16_mm_length_hex_head/working)<br><br>,16,screwc,0.0448,M3,black,M3,scre,HEXHE,,16_MM_LENGTH,Black 16 mm Length Hex Head,screw_,https://www.orbitalfasteners.co.uk/products/m3-x-16-socket-screw-countersunk-high-tensile-grade-10-9-self-colour-din-7991,SCRE,screw_countersunk,SCREWC,B,Countersunk,m3,SCRE,16_MM_,hardware,4D24EA2BBD,"['bug', 'droplet', 'tractor']",16_,screw_countersunk_m3_black_16_mm_length_hex_head,BLACK,m,16mmle,Black,200,b,bla,s,M3,16_mm_,1,0.0224,HEX_H,https://github.com/oomlout/oomlout_oomp_part_src/tree/main/parts/hardware_screw_countersunk_m3_black_16_mm_length_hex_head,BLA,m,M3,b,16mml,HARDWA,screw,hex_h,hardware_screw_countersunk_m3_black_16_mm_length_hex_head,sc,"[':bug:', ':droplet:', ':tractor:']",h,HE,16mm,scsm3b,s,0q,,black,m3,1,SCREW,HEX_HE,BLAC,black_16_mm_length_hex_head,s,0.0249,m3,,H,16,,BLA,type_diagram.png,hardw,hardware,0.0199,BLAC,bl,Hardware,hex_he,0.0448,4D2,M3,M3,h,4d24ea2bbd,0.0199,False,black,hexh,1,4d24ea,Screw Countersunk M3 Black 16 mm Length Hex Head,M3,30d0q,16_m,HARDW,b,16MMLE,,,blac,S,HARDWARE,bl,HARD,sc,BLACK,16_mm_length_hex_head,M3,0.0448,0Q,Countersunk M3X16 mm Black (Hex Head),,HARDWA,Screw Countersunk
hardware_screw_countersunk_m3_black_20_mm_length_hex_head,20,m3,,m3,0.0259,scr,HEX_,hard,black,HARD,HAR,Hardware Screw Countersunk M3 Black 20 mm Length Hex Head,M3,e5fda7192f83aa012e80a5d2ab4ad3c0,BL,HEXHEA,hardwa,,,hexhea,M3,HEX,m3,h,h,2,SCREW_,B,E5FDA7,hex_head,,m3,M3,[],he,HEXH,1151M390020,blac,B,m3,HE,hex,scr,H,cs3b20h,1901050,screw,hardware_screw_countersunk_m3_black_20_mm_length_hex_head,ha,H,SCR,,3,BLACK,Hex Head,8z2,HARDW,SCREW_COUNTERSUNK,h,Hardware,BL,hard,[],Hex Head,E5FDA,m,,M3 Black 20 mm Length Hex Head,S,Black,,bla,Hex Head,H,20,SC,0.0518,CS3B20H,[hardware_screw_countersunk_m3_black_20_mm_length_hex_head](https://github.com/oomlout/oomlout_oomp_part_src/tree/main/parts/hardware_screw_countersunk_m3_black_20_mm_length_hex_head/working)<br>[scsm3b](https://github.com/oomlout/oomlout_oomp_part_src/tree/main/parts/hardware_screw_countersunk_m3_black_20_mm_length_hex_head/working)<br>[Hardware Screw Countersunk M3 Black 20 Mm Length Hex Head](https://github.com/oomlout/oomlout_oomp_part_src/tree/main/parts/hardware_screw_countersunk_m3_black_20_mm_length_hex_head/working)<br><br>,hex_,HEX,Screw Countersunk,20_M,BLACK,m3,har,HEX_HEAD,20_MM,20,h,M3,4800,,hardw,orbital_fasteners,B20,SCR,M3,HA,HA,he,M,SCSM3B,M,rocket parking guitar,head_type_diagram.png,20_mm_length,https://www.harclob2b.com/m3-x-20-socket-csk-screw-gr10-9-self-colour-din-79-1151m390020,m3,Black 20 Mm Length Hex Head,black,20 mm Length,SCREW,,hardwa,parts/hardware_screw_countersunk_m3_black_20_mm_length_hex_head,:rocket: :parking: :guitar:,20m,e5fda,0.0288,H,ha,Black,M3,scre,SC,20MML,e5f,8Z2,20 mm Length,B20,20 mm Length Hex Head,M,20_,oomp_hardware_screw_countersunk_m3_black_20_mm_length_hex_head,20_mm,S,hexhe,hex,20,20M,DA7,m3_black_20_mm_length_hex_head,har,0.0288,m3,H,3,BLACK,M3 X 20 SOCKET CSK SCREW GR10.9 SELF COLOUR DIN 7991 (165),20,2,20MM,20 mm,da7,HAR,2,8Z25J,[hardware_screw_countersunk_m3_black_20_mm_length_hex_head](https://github.com/oomlout/oomlout_oomp_part_src/tree/main/parts/hardware_screw_countersunk_m3_black_20_mm_length_hex_head/working)<br><br>,20,screwc,0.0518,M3,black,M3,scre,HEXHE,,20_MM_LENGTH,Black 20 mm Length Hex Head,screw_,https://www.orbitalfasteners.co.uk/products/m3-x-20-socket-screw-countersunk-high-tensile-grade-10-9-self-colour-din-7991,SCRE,screw_countersunk,SCREWC,B,Countersunk,m3,SCRE,20_MM_,hardware,E5FDA7192F,"['rocket', 'parking', 'guitar']",20_,screw_countersunk_m3_black_20_mm_length_hex_head,BLACK,m,20mmle,Black,200,b,bla,s,M3,20_mm_,2,0.0259,HEX_H,https://github.com/oomlout/oomlout_oomp_part_src/tree/main/parts/hardware_screw_countersunk_m3_black_20_mm_length_hex_head,BLA,m,M3,b,20mml,HARDWA,screw,hex_h,hardware_screw_countersunk_m3_black_20_mm_length_hex_head,sc,"[':rocket:', ':parking:', ':guitar:']",h,HE,20mm,scsm3b,s,5j,,black,m3,2,SCREW,HEX_HE,BLAC,black_20_mm_length_hex_head,s,0.0288,m3,200,H,20,,BLA,type_diagram.png,hardw,hardware,0.0230,BLAC,bl,Hardware,hex_he,0.0518,E5F,M3,M3,h,e5fda7192f,0.0230,False,black,hexh,2,e5fda7,Screw Countersunk M3 Black 20 mm Length Hex Head,M3,8z25j,20_m,HARDW,b,20MMLE,7318156890,5050420920254,blac,S,HARDWARE,bl,HARD,sc,BLACK,20_mm_length_hex_head,M3,0.0518,5J,Countersunk M3X20 mm Black (Hex Head),,HARDWA,Screw Countersunk
hardware_screw_countersunk_m3_black_25_mm_length_hex_head,25,m3,,m3,0.0265,scr,HEX_,hard,black,HARD,HAR,Hardware Screw Countersunk M3 Black 25 mm Length Hex Head,M3,91b0ee42e7c44d0251b256f449341e19,BL,HEXHEA,hardwa,,,hexhea,M3,HEX,m3,h,h,2,SCREW_,B,91B0EE,hex_head,,m3,M3,[],he,HEXH,1151M390025,blac,B,m3,HE,hex,scr,H,cs3b25h,1901051,screw,hardware_screw_countersunk_m3_black_25_mm_length_hex_head,ha,H,SCR,,3,BLACK,Hex Head,5on,HARDW,SCREW_COUNTERSUNK,h,Hardware,BL,hard,[],Hex Head,91B0E,m,,M3 Black 25 mm Length Hex Head,S,Black,,bla,Hex Head,H,25,SC,0.0529,CS3B25H,[hardware_screw_countersunk_m3_black_25_mm_length_hex_head](https://github.com/oomlout/oomlout_oomp_part_src/tree/main/parts/hardware_screw_countersunk_m3_black_25_mm_length_hex_head/working)<br>[scsm3b](https://github.com/oomlout/oomlout_oomp_part_src/tree/main/parts/hardware_screw_countersunk_m3_black_25_mm_length_hex_head/working)<br>[Hardware Screw Countersunk M3 Black 25 Mm Length Hex Head](https://github.com/oomlout/oomlout_oomp_part_src/tree/main/parts/hardware_screw_countersunk_m3_black_25_mm_length_hex_head/working)<br><br>,hex_,HEX,Screw Countersunk,25_M,BLACK,m3,har,HEX_HEAD,25_MM,25,h,M3,4800,,hardw,orbital_fasteners,B25,SCR,M3,HA,HA,he,M,SCSM3B,M,pushpin crown ambulance,head_type_diagram.png,25_mm_length,https://www.harclob2b.com/m3-x-25-socket-csk-screw-gr10-9-self-colour-din-79-1151m390025,m3,Black 25 Mm Length Hex Head,black,25 mm Length,SCREW,,hardwa,parts/hardware_screw_countersunk_m3_black_25_mm_length_hex_head,:pushpin: :crown: :ambulance:,25m,91b0e,0.0294,H,ha,Black,M3,scre,SC,25MML,91b,5ON,25 mm Length,B25,25 mm Length Hex Head,M,25_,oomp_hardware_screw_countersunk_m3_black_25_mm_length_hex_head,25_mm,S,hexhe,hex,25,25M,0EE,m3_black_25_mm_length_hex_head,har,0.0294,m3,H,3,BLACK,M3 X 25 SOCKET CSK SCREW GR10.9 SELF COLOUR DIN 7991 (165),25,2,25MM,25 mm,0ee,HAR,2,5ONAM,[hardware_screw_countersunk_m3_black_25_mm_length_hex_head](https://github.com/oomlout/oomlout_oomp_part_src/tree/main/parts/hardware_screw_countersunk_m3_black_25_mm_length_hex_head/working)<br><br>,25,screwc,0.0529,M3,black,M3,scre,HEXHE,,25_MM_LENGTH,Black 25 mm Length Hex Head,screw_,https://www.orbitalfasteners.co.uk/products/m3-x-25-socket-screw-countersunk-high-tensile-grade-10-9-self-colour-din-7991,SCRE,screw_countersunk,SCREWC,B,Countersunk,m3,SCRE,25_MM_,hardware,91B0EE42E7,"['pushpin', 'crown', 'ambulance']",25_,screw_countersunk_m3_black_25_mm_length_hex_head,BLACK,m,25mmle,Black,200,b,bla,s,M3,25_mm_,2,0.0265,HEX_H,https://github.com/oomlout/oomlout_oomp_part_src/tree/main/parts/hardware_screw_countersunk_m3_black_25_mm_length_hex_head,BLA,m,M3,b,25mml,HARDWA,screw,hex_h,hardware_screw_countersunk_m3_black_25_mm_length_hex_head,sc,"[':pushpin:', ':crown:', ':ambulance:']",h,HE,25mm,scsm3b,s,am,,black,m3,2,SCREW,HEX_HE,BLAC,black_25_mm_length_hex_head,s,0.0294,m3,200,H,25,,BLA,type_diagram.png,hardw,hardware,0.0235,BLAC,bl,Hardware,hex_he,0.0529,91B,M3,M3,h,91b0ee42e7,0.0235,False,black,hexh,2,91b0ee,Screw Countersunk M3 Black 25 mm Length Hex Head,M3,5onam,25_m,HARDW,b,25MMLE,7318156890,5050420056281,blac,S,HARDWARE,bl,HARD,sc,BLACK,25_mm_length_hex_head,M3,0.0529,AM,Countersunk M3X25 mm Black (Hex Head),,HARDWA,Screw Countersunk
hardware_screw_countersunk_m3_black_6_mm_length_hex_head,6_,m3,,m3,0.0175,scr,HEX_,hard,black,HARD,HAR,Hardware Screw Countersunk M3 Black 6 mm Length Hex Head,M3,c5be8c6dfac86e376ca43e915477ae6e,BL,HEXHEA,hardwa,,,hexhea,M3,HEX,m3,h,h,6,SCREW_,B,C5BE8C,hex_head,,m3,M3,[],he,HEXH,1151M390006,blac,B,m3,HE,hex,scr,H,cs3b6h,1901000,screw,hardware_screw_countersunk_m3_black_6_mm_length_hex_head,ha,H,SCR,,3,BLACK,Hex Head,7pr,HARDW,SCREW_COUNTERSUNK,h,Hardware,BL,hard,[],Hex Head,C5BE8,m,,M3 Black 6 mm Length Hex Head,S,Black,,bla,Hex Head,H,6m,SC,0.0351,CS3B6H,[hardware_screw_countersunk_m3_black_6_mm_length_hex_head](https://github.com/oomlout/oomlout_oomp_part_src/tree/main/parts/hardware_screw_countersunk_m3_black_6_mm_length_hex_head/working)<br>[scsm3b](https://github.com/oomlout/oomlout_oomp_part_src/tree/main/parts/hardware_screw_countersunk_m3_black_6_mm_length_hex_head/working)<br>[Hardware Screw Countersunk M3 Black 6 Mm Length Hex Head](https://github.com/oomlout/oomlout_oomp_part_src/tree/main/parts/hardware_screw_countersunk_m3_black_6_mm_length_hex_head/working)<br><br>,hex_,HEX,Screw Countersunk,6_MM,BLACK,m3,har,HEX_HEAD,6_MM_,6_,h,M3,4800,,hardw,orbital_fasteners,B6,SCR,M3,HA,HA,he,M,SCSM3B,M,candy ramen pill,head_type_diagram.png,6_mm_length,https://www.harclob2b.com/m3-x-6-socket-csk-screw-gr10-9-self-colour-din-799-1151m390006,m3,Black 6 Mm Length Hex Head,black,6 mm Length,SCREW,,hardwa,parts/hardware_screw_countersunk_m3_black_6_mm_length_hex_head,:candy: :ramen: :pill:,6mm,c5be8,0.0195,H,ha,Black,M3,scre,SC,6MMLE,c5b,7PR,6 mm Length,B6,6 mm Length Hex Head,M,6_m,oomp_hardware_screw_countersunk_m3_black_6_mm_length_hex_head,6_mm_,S,hexhe,hex,6,6MM,E8C,m3_black_6_mm_length_hex_head,har,0.0195,m3,H,3,BLACK,M3 X 6 SOCKET CSK SCREW GR10.9 SELF COLOUR DIN 7991 (165),6,6,6MML,6 mm,e8c,HAR,6,7PRIK,[hardware_screw_countersunk_m3_black_6_mm_length_hex_head](https://github.com/oomlout/oomlout_oomp_part_src/tree/main/parts/hardware_screw_countersunk_m3_black_6_mm_length_hex_head/working)<br><br>,6M,screwc,0.0351,M3,black,M3,scre,HEXHE,,6_MM_LENGTH,Black 6 mm Length Hex Head,screw_,https://www.orbitalfasteners.co.uk/products/m3-x-6-socket-screw-countersunk-high-tensile-grade-10-9-self-colour-din-7991,SCRE,screw_countersunk,SCREWC,B,Countersunk,m3,SCRE,6_MM_L,hardware,C5BE8C6DFA,"['candy', 'ramen', 'pill']",6_M,screw_countersunk_m3_black_6_mm_length_hex_head,BLACK,m,6mmlen,Black,200,b,bla,s,M3,6_mm_l,6,0.0175,HEX_H,https://github.com/oomlout/oomlout_oomp_part_src/tree/main/parts/hardware_screw_countersunk_m3_black_6_mm_length_hex_head,BLA,m,M3,b,6mmle,HARDWA,screw,hex_h,hardware_screw_countersunk_m3_black_6_mm_length_hex_head,sc,"[':candy:', ':ramen:', ':pill:']",h,HE,6mml,scsm3b,s,ik,,black,m3,6,SCREW,HEX_HE,BLAC,black_6_mm_length_hex_head,s,0.0195,m3,200,H,6,,BLA,type_diagram.png,hardw,hardware,0.0156,BLAC,bl,Hardware,hex_he,0.0351,C5B,M3,M3,h,c5be8c6dfa,0.0156,False,black,hexh,6,c5be8c,Screw Countersunk M3 Black 6 mm Length Hex Head,M3,7prik,6_mm,HARDW,b,6MMLEN,7318156890,5050420056212,blac,S,HARDWARE,bl,HARD,sc,BLACK,6_mm_length_hex_head,M3,0.0351,IK,Countersunk M3X6 mm Black (Hex Head),,HARDWA,Screw Countersunk
hardware_screw_countersunk_m3_black_8_mm_length_hex_head,8_,m3,,m3,0.0178,scr,HEX_,hard,black,HARD,HAR,Hardware Screw Countersunk M3 Black 8 mm Length Hex Head,M3,9dcc1b0001bd8dcf9c81e228418a1578,BL,HEXHEA,hardwa,,,hexhea,M3,HEX,m3,h,h,8,SCREW_,B,9DCC1B,hex_head,,m3,M3,[],he,HEXH,1151M390008,blac,B,m3,HE,hex,scr,H,cs3b8h,1901010,screw,hardware_screw_countersunk_m3_black_8_mm_length_hex_head,ha,H,SCR,,3,BLACK,Hex Head,65n,HARDW,SCREW_COUNTERSUNK,h,Hardware,BL,hard,[],Hex Head,9DCC1,m,,M3 Black 8 mm Length Hex Head,S,Black,,bla,Hex Head,H,8m,SC,0.0356,CS3B8H,[hardware_screw_countersunk_m3_black_8_mm_length_hex_head](https://github.com/oomlout/oomlout_oomp_part_src/tree/main/parts/hardware_screw_countersunk_m3_black_8_mm_length_hex_head/working)<br>[scsm3b](https://github.com/oomlout/oomlout_oomp_part_src/tree/main/parts/hardware_screw_countersunk_m3_black_8_mm_length_hex_head/working)<br>[Hardware Screw Countersunk M3 Black 8 Mm Length Hex Head](https://github.com/oomlout/oomlout_oomp_part_src/tree/main/parts/hardware_screw_countersunk_m3_black_8_mm_length_hex_head/working)<br><br>,hex_,HEX,Screw Countersunk,8_MM,BLACK,m3,har,HEX_HEAD,8_MM_,8_,h,M3,4800,,hardw,orbital_fasteners,B8,SCR,M3,HA,HA,he,M,SCSM3B,M,hearts watermelon muscle,head_type_diagram.png,8_mm_length,https://www.harclob2b.com/m3-x-8-socket-csk-screw-gr10-9-self-colour-din-799-1151m390008,m3,Black 8 Mm Length Hex Head,black,8 mm Length,SCREW,,hardwa,parts/hardware_screw_countersunk_m3_black_8_mm_length_hex_head,:hearts: :watermelon: :muscle:,8mm,9dcc1,0.0198,H,ha,Black,M3,scre,SC,8MMLE,9dc,65N,8 mm Length,B8,8 mm Length Hex Head,M,8_m,oomp_hardware_screw_countersunk_m3_black_8_mm_length_hex_head,8_mm_,S,hexhe,hex,8,8MM,C1B,m3_black_8_mm_length_hex_head,har,0.0198,m3,H,3,BLACK,M3 X 8 SOCKET CSK SCREW GR10.9 SELF COLOUR DIN 7991 (165),8,8,8MML,8 mm,c1b,HAR,8,65NH7,[hardware_screw_countersunk_m3_black_8_mm_length_hex_head](https://github.com/oomlout/oomlout_oomp_part_src/tree/main/parts/hardware_screw_countersunk_m3_black_8_mm_length_hex_head/working)<br><br>,8M,screwc,0.0356,M3,black,M3,scre,HEXHE,,8_MM_LENGTH,Black 8 mm Length Hex Head,screw_,https://www.orbitalfasteners.co.uk/products/m3-x-8-socket-screw-countersunk-high-tensile-grade-10-9-self-colour-din-7991,SCRE,screw_countersunk,SCREWC,B,Countersunk,m3,SCRE,8_MM_L,hardware,9DCC1B0001,"['hearts', 'watermelon', 'muscle']",8_M,screw_countersunk_m3_black_8_mm_length_hex_head,BLACK,m,8mmlen,Black,200,b,bla,s,M3,8_mm_l,8,0.0178,HEX_H,https://github.com/oomlout/oomlout_oomp_part_src/tree/main/parts/hardware_screw_countersunk_m3_black_8_mm_length_hex_head,BLA,m,M3,b,8mmle,HARDWA,screw,hex_h,hardware_screw_countersunk_m3_black_8_mm_length_hex_head,sc,"[':hearts:', ':watermelon:', ':muscle:']",h,HE,8mml,scsm3b,s,h7,,black,m3,8,SCREW,HEX_HE,BLAC,black_8_mm_length_hex_head,s,0.0198,m3,200,H,8,,BLA,type_diagram.png,hardw,hardware,0.0158,BLAC,bl,Hardware,hex_he,0.0356,9DC,M3,M3,h,9dcc1b0001,0.0158,False,black,hexh,8,9dcc1b,Screw Countersunk M3 Black 8 mm Length Hex Head,M3,65nh7,8_mm,HARDW,b,8MMLEN,7318156890,5050420056229,blac,S,HARDWARE,bl,HARD,sc,BLACK,8_mm_length_hex_head,M3,0.0356,H7,Countersunk M3X8 mm Black (Hex Head),,HARDWA,Screw Countersunk
hardware_screw_socket_cap_m3_black_10_mm_length_hex_head,10,m3,,m3,0.0211,scr,HEX_,hard,black,HARD,HAR,Hardware Screw Socket Cap M3 Black 10 mm Length Hex Head,M3,60c3af1d43b29b584b594c9bd2b2257c,BL,HEXHEA,hardwa,,,hexhea,M3,HEX,m3,h,h,1,SCREW_,B,60C3AF,hex_head,,m3,M3,[],he,HEXH,1150M390010,blac,B,m3,HE,hex,scr,H,sc3b10h,1891020,screw,hardware_screw_socket_cap_m3_black_10_mm_length_hex_head,ha,H,SCR,,3,BLACK,Hex Head,3rx,HARDW,SCREW_SOCKET_CAP,h,Hardware,BL,hard,[],Hex Head,60C3A,m,,M3 Black 10 mm Length Hex Head,S,Black,,bla,Hex Head,H,10,SC,0.0421,SC3B10H,[hardware_screw_socket_cap_m3_black_10_mm_length_hex_head](https://github.com/oomlout/oomlout_oomp_part_src/tree/main/parts/hardware_screw_socket_cap_m3_black_10_mm_length_hex_head/working)<br>[sscm3b](https://github.com/oomlout/oomlout_oomp_part_src/tree/main/parts/hardware_screw_socket_cap_m3_black_10_mm_length_hex_head/working)<br>[Hardware Screw Socket Cap M3 Black 10 Mm Length Hex Head](https://github.com/oomlout/oomlout_oomp_part_src/tree/main/parts/hardware_screw_socket_cap_m3_black_10_mm_length_hex_head/working)<br><br>,hex_,HEX,Screw Socket Cap,10_M,BLACK,m3,har,HEX_HEAD,10_MM,10,h,M3,4800,,hardw,orbital_fasteners,B10,SCR,M3,HA,HA,he,M,SSCM3B,M,poodle cake tophat,head_type_diagram.png,10_mm_length,https://www.harclob2b.com/m3-x-10-socket-cap-screw-gr12-9-self-colour-din-91-1150m390010,m3,Black 10 Mm Length Hex Head,black,10 mm Length,SCREW,,hardwa,parts/hardware_screw_socket_cap_m3_black_10_mm_length_hex_head,:poodle: :cake: :tophat:,10m,60c3a,0.0234,H,ha,Black,M3,scre,SC,10MML,60c,3RX,10 mm Length,B10,10 mm Length Hex Head,M,10_,oomp_hardware_screw_socket_cap_m3_black_10_mm_length_hex_head,10_mm,S,hexhe,hex,10,10M,3AF,m3_black_10_mm_length_hex_head,har,0.0234,m3,H,3,BLACK,M3 X 10 SOCKET CAP SCREW GR12.9 SELF COLOUR DIN 912 (150),10,1,10MM,10 mm,3af,HAR,1,3RX67,[hardware_screw_socket_cap_m3_black_10_mm_length_hex_head](https://github.com/oomlout/oomlout_oomp_part_src/tree/main/parts/hardware_screw_socket_cap_m3_black_10_mm_length_hex_head/working)<br><br>,10,screws,0.0421,M3,black,M3,scre,HEXHE,,10_MM_LENGTH,Black 10 mm Length Hex Head,screw_,https://www.orbitalfasteners.co.uk/products/m3-x-10-socket-cap-screw-high-tensile-grade-12-9-self-colour,SCRE,screw_socket_cap,SCREWS,B,Socket Cap,m3,SCRE,10_MM_,hardware,60C3AF1D43,"['poodle', 'cake', 'tophat']",10_,screw_socket_cap_m3_black_10_mm_length_hex_head,BLACK,m,10mmle,Black,200,b,bla,s,M3,10_mm_,1,0.0211,HEX_H,https://github.com/oomlout/oomlout_oomp_part_src/tree/main/parts/hardware_screw_socket_cap_m3_black_10_mm_length_hex_head,BLA,m,M3,b,10mml,HARDWA,screw,hex_h,hardware_screw_socket_cap_m3_black_10_mm_length_hex_head,sc,"[':poodle:', ':cake:', ':tophat:']",h,HE,10mm,sscm3b,s,67,,black,m3,1,SCREW,HEX_HE,BLAC,black_10_mm_length_hex_head,s,0.0234,m3,200,H,10,,BLA,type_diagram.png,hardw,hardware,0.0187,BLAC,bl,Hardware,hex_he,0.0421,60C,M3,M3,h,60c3af1d43,0.0187,False,black,hexh,1,60c3af,Screw Socket Cap M3 Black 10 mm Length Hex Head,M3,3rx67,10_m,HARDW,b,10MMLE,7318156890,5050420918763,blac,S,HARDWARE,bl,HARD,sc,BLACK,10_mm_length_hex_head,M3,0.0421,67,Socket Cap M3X10 mm Black (Hex Head),,HARDWA,Screw Socket Cap
hardware_screw_socket_cap_m3_black_12_mm_length_hex_head,12,m3,,m3,0.0222,scr,HEX_,hard,black,HARD,HAR,Hardware Screw Socket Cap M3 Black 12 mm Length Hex Head,M3,c3a7869b5aa7bf58962fa6c23cc96392,BL,HEXHEA,hardwa,,,hexhea,M3,HEX,m3,h,h,1,SCREW_,B,C3A786,hex_head,,m3,M3,[],he,HEXH,1150M390012,blac,B,m3,HE,hex,scr,H,sc3b12h,1891030,screw,hardware_screw_socket_cap_m3_black_12_mm_length_hex_head,ha,H,SCR,,3,BLACK,Hex Head,7mt,HARDW,SCREW_SOCKET_CAP,h,Hardware,BL,hard,[],Hex Head,C3A78,m,,M3 Black 12 mm Length Hex Head,S,Black,,bla,Hex Head,H,12,SC,0.0442,SC3B12H,[hardware_screw_socket_cap_m3_black_12_mm_length_hex_head](https://github.com/oomlout/oomlout_oomp_part_src/tree/main/parts/hardware_screw_socket_cap_m3_black_12_mm_length_hex_head/working)<br>[sscm3b](https://github.com/oomlout/oomlout_oomp_part_src/tree/main/parts/hardware_screw_socket_cap_m3_black_12_mm_length_hex_head/working)<br>[Hardware Screw Socket Cap M3 Black 12 Mm Length Hex Head](https://github.com/oomlout/oomlout_oomp_part_src/tree/main/parts/hardware_screw_socket_cap_m3_black_12_mm_length_hex_head/working)<br><br>,hex_,HEX,Screw Socket Cap,12_M,BLACK,m3,har,HEX_HEAD,12_MM,12,h,M3,4800,,hardw,orbital_fasteners,B12,SCR,M3,HA,HA,he,M,SSCM3B,M,cake guitar bath,head_type_diagram.png,12_mm_length,https://www.harclob2b.com/m3-x-12-socket-cap-screw-gr12-9-self-colour-din-91-1150m390012,m3,Black 12 Mm Length Hex Head,black,12 mm Length,SCREW,,hardwa,parts/hardware_screw_socket_cap_m3_black_12_mm_length_hex_head,:cake: :guitar: :bath:,12m,c3a78,0.0246,H,ha,Black,M3,scre,SC,12MML,c3a,7MT,12 mm Length,B12,12 mm Length Hex Head,M,12_,oomp_hardware_screw_socket_cap_m3_black_12_mm_length_hex_head,12_mm,S,hexhe,hex,12,12M,786,m3_black_12_mm_length_hex_head,har,0.0246,m3,H,3,BLACK,M3 X 12 SOCKET CAP SCREW GR12.9 SELF COLOUR DIN 912 (150),12,1,12MM,12 mm,786,HAR,1,7MTTY,[hardware_screw_socket_cap_m3_black_12_mm_length_hex_head](https://github.com/oomlout/oomlout_oomp_part_src/tree/main/parts/hardware_screw_socket_cap_m3_black_12_mm_length_hex_head/working)<br><br>,12,screws,0.0442,M3,black,M3,scre,HEXHE,,12_MM_LENGTH,Black 12 mm Length Hex Head,screw_,https://www.orbitalfasteners.co.uk/products/m3-x-12-socket-cap-screw-high-tensile-grade-12-9-self-colour,SCRE,screw_socket_cap,SCREWS,B,Socket Cap,m3,SCRE,12_MM_,hardware,C3A7869B5A,"['cake', 'guitar', 'bath']",12_,screw_socket_cap_m3_black_12_mm_length_hex_head,BLACK,m,12mmle,Black,200,b,bla,s,M3,12_mm_,1,0.0222,HEX_H,https://github.com/oomlout/oomlout_oomp_part_src/tree/main/parts/hardware_screw_socket_cap_m3_black_12_mm_length_hex_head,BLA,m,M3,b,12mml,HARDWA,screw,hex_h,hardware_screw_socket_cap_m3_black_12_mm_length_hex_head,sc,"[':cake:', ':guitar:', ':bath:']",h,HE,12mm,sscm3b,s,ty,,black,m3,1,SCREW,HEX_HE,BLAC,black_12_mm_length_hex_head,s,0.0246,m3,200,H,12,,BLA,type_diagram.png,hardw,hardware,0.0196,BLAC,bl,Hardware,hex_he,0.0442,C3A,M3,M3,h,c3a7869b5a,0.0196,False,black,hexh,1,c3a786,Screw Socket Cap M3 Black 12 mm Length Hex Head,M3,7mtty,12_m,HARDW,b,12MMLE,7318156890,5050420918770,blac,S,HARDWARE,bl,HARD,sc,BLACK,12_mm_length_hex_head,M3,0.0442,TY,Socket Cap M3X12 mm Black (Hex Head),,HARDWA,Screw Socket Cap
hardware_screw_socket_cap_m3_black_16_mm_length_hex_head,16,m3,,m3,0.0235,scr,HEX_,hard,black,HARD,HAR,Hardware Screw Socket Cap M3 Black 16 mm Length Hex Head,M3,70f77425a8e5825787df7a43079ea378,BL,HEXHEA,hardwa,,,hexhea,M3,HEX,m3,h,h,1,SCREW_,B,70F774,hex_head,,m3,M3,[],he,HEXH,1150M390016,blac,B,m3,HE,hex,scr,H,sc3b16h,1891040,screw,hardware_screw_socket_cap_m3_black_16_mm_length_hex_head,ha,H,SCR,,3,BLACK,Hex Head,4eo,HARDW,SCREW_SOCKET_CAP,h,Hardware,BL,hard,[],Hex Head,70F77,m,,M3 Black 16 mm Length Hex Head,S,Black,,bla,Hex Head,H,16,SC,0.0470,SC3B16H,[hardware_screw_socket_cap_m3_black_16_mm_length_hex_head](https://github.com/oomlout/oomlout_oomp_part_src/tree/main/parts/hardware_screw_socket_cap_m3_black_16_mm_length_hex_head/working)<br>[sscm3b](https://github.com/oomlout/oomlout_oomp_part_src/tree/main/parts/hardware_screw_socket_cap_m3_black_16_mm_length_hex_head/working)<br>[Hardware Screw Socket Cap M3 Black 16 Mm Length Hex Head](https://github.com/oomlout/oomlout_oomp_part_src/tree/main/parts/hardware_screw_socket_cap_m3_black_16_mm_length_hex_head/working)<br><br>,hex_,HEX,Screw Socket Cap,16_M,BLACK,m3,har,HEX_HEAD,16_MM,16,h,M3,4800,,hardw,orbital_fasteners,B16,SCR,M3,HA,HA,he,M,SSCM3B,M,squirrel six fireworks,head_type_diagram.png,16_mm_length,https://www.harclob2b.com/m3-x-16-socket-cap-screw-gr12-9-self-colour-din-91-1150m390016,m3,Black 16 Mm Length Hex Head,black,16 mm Length,SCREW,,hardwa,parts/hardware_screw_socket_cap_m3_black_16_mm_length_hex_head,:squirrel: :six: :fireworks:,16m,70f77,0.0261,H,ha,Black,M3,scre,SC,16MML,70f,4EO,16 mm Length,B16,16 mm Length Hex Head,M,16_,oomp_hardware_screw_socket_cap_m3_black_16_mm_length_hex_head,16_mm,S,hexhe,hex,16,16M,774,m3_black_16_mm_length_hex_head,har,0.0261,m3,H,3,BLACK,M3 X 16 SOCKET CAP SCREW GR12.9 SELF COLOUR DIN 912 (150),16,1,16MM,16 mm,774,HAR,1,4EOHG,[hardware_screw_socket_cap_m3_black_16_mm_length_hex_head](https://github.com/oomlout/oomlout_oomp_part_src/tree/main/parts/hardware_screw_socket_cap_m3_black_16_mm_length_hex_head/working)<br><br>,16,screws,0.0470,M3,black,M3,scre,HEXHE,,16_MM_LENGTH,Black 16 mm Length Hex Head,screw_,https://www.orbitalfasteners.co.uk/products/m3-x-16-socket-cap-screw-high-tensile-grade-12-9-self-colour,SCRE,screw_socket_cap,SCREWS,B,Socket Cap,m3,SCRE,16_MM_,hardware,70F77425A8,"['squirrel', 'six', 'fireworks']",16_,screw_socket_cap_m3_black_16_mm_length_hex_head,BLACK,m,16mmle,Black,200,b,bla,s,M3,16_mm_,1,0.0235,HEX_H,https://github.com/oomlout/oomlout_oomp_part_src/tree/main/parts/hardware_screw_socket_cap_m3_black_16_mm_length_hex_head,BLA,m,M3,b,16mml,HARDWA,screw,hex_h,hardware_screw_socket_cap_m3_black_16_mm_length_hex_head,sc,"[':squirrel:', ':six:', ':fireworks:']",h,HE,16mm,sscm3b,s,hg,,black,m3,1,SCREW,HEX_HE,BLAC,black_16_mm_length_hex_head,s,0.0261,m3,200,H,16,,BLA,type_diagram.png,hardw,hardware,0.0208,BLAC,bl,Hardware,hex_he,0.0470,70F,M3,M3,h,70f77425a8,0.0208,False,black,hexh,1,70f774,Screw Socket Cap M3 Black 16 mm Length Hex Head,M3,4eohg,16_m,HARDW,b,16MMLE,7318156890,5050420918800,blac,S,HARDWARE,bl,HARD,sc,BLACK,16_mm_length_hex_head,M3,0.0470,HG,Socket Cap M3X16 mm Black (Hex Head),,HARDWA,Screw Socket Cap
hardware_screw_socket_cap_m3_black_20_mm_length_hex_head,20,m3,,m3,0.0259,scr,HEX_,hard,black,HARD,HAR,Hardware Screw Socket Cap M3 Black 20 mm Length Hex Head,M3,d88622097dd5c0ad0392efcb6bd422a2,BL,HEXHEA,hardwa,,,hexhea,M3,HEX,m3,h,h,2,SCREW_,B,D88622,hex_head,,m3,M3,[],he,HEXH,1150M390020,blac,B,m3,HE,hex,scr,H,sc3b20h,1891050,screw,hardware_screw_socket_cap_m3_black_20_mm_length_hex_head,ha,H,SCR,,3,BLACK,Hex Head,8g5,HARDW,SCREW_SOCKET_CAP,h,Hardware,BL,hard,[],Hex Head,D8862,m,,M3 Black 20 mm Length Hex Head,S,Black,,bla,Hex Head,H,20,SC,0.0518,SC3B20H,[hardware_screw_socket_cap_m3_black_20_mm_length_hex_head](https://github.com/oomlout/oomlout_oomp_part_src/tree/main/parts/hardware_screw_socket_cap_m3_black_20_mm_length_hex_head/working)<br>[sscm3b](https://github.com/oomlout/oomlout_oomp_part_src/tree/main/parts/hardware_screw_socket_cap_m3_black_20_mm_length_hex_head/working)<br>[Hardware Screw Socket Cap M3 Black 20 Mm Length Hex Head](https://github.com/oomlout/oomlout_oomp_part_src/tree/main/parts/hardware_screw_socket_cap_m3_black_20_mm_length_hex_head/working)<br><br>,hex_,HEX,Screw Socket Cap,20_M,BLACK,m3,har,HEX_HEAD,20_MM,20,h,M3,4800,,hardw,orbital_fasteners,B20,SCR,M3,HA,HA,he,M,SSCM3B,M,hospital bath lips,head_type_diagram.png,20_mm_length,https://www.harclob2b.com/m3-x-20-socket-cap-screw-gr12-9-self-colour-din-91-1150m390020,m3,Black 20 Mm Length Hex Head,black,20 mm Length,SCREW,,hardwa,parts/hardware_screw_socket_cap_m3_black_20_mm_length_hex_head,:hospital: :bath: :lips:,20m,d8862,0.0288,H,ha,Black,M3,scre,SC,20MML,d88,8G5,20 mm Length,B20,20 mm Length Hex Head,M,20_,oomp_hardware_screw_socket_cap_m3_black_20_mm_length_hex_head,20_mm,S,hexhe,hex,20,20M,622,m3_black_20_mm_length_hex_head,har,0.0288,m3,H,3,BLACK,M3 X 20 SOCKET CAP SCREW GR12.9 SELF COLOUR DIN 912 (150),20,2,20MM,20 mm,622,HAR,2,8G55U,[hardware_screw_socket_cap_m3_black_20_mm_length_hex_head](https://github.com/oomlout/oomlout_oomp_part_src/tree/main/parts/hardware_screw_socket_cap_m3_black_20_mm_length_hex_head/working)<br><br>,20,screws,0.0518,M3,black,M3,scre,HEXHE,,20_MM_LENGTH,Black 20 mm Length Hex Head,screw_,https://www.orbitalfasteners.co.uk/products/m3-x-20-socket-cap-screw-high-tensile-grade-12-9-self-colour,SCRE,screw_socket_cap,SCREWS,B,Socket Cap,m3,SCRE,20_MM_,hardware,D88622097D,"['hospital', 'bath', 'lips']",20_,screw_socket_cap_m3_black_20_mm_length_hex_head,BLACK,m,20mmle,Black,200,b,bla,s,M3,20_mm_,2,0.0259,HEX_H,https://github.com/oomlout/oomlout_oomp_part_src/tree/main/parts/hardware_screw_socket_cap_m3_black_20_mm_length_hex_head,BLA,m,M3,b,20mml,HARDWA,screw,hex_h,hardware_screw_socket_cap_m3_black_20_mm_length_hex_head,sc,"[':hospital:', ':bath:', ':lips:']",h,HE,20mm,sscm3b,s,5u,,black,m3,2,SCREW,HEX_HE,BLAC,black_20_mm_length_hex_head,s,0.0288,m3,200,H,20,,BLA,type_diagram.png,hardw,hardware,0.0230,BLAC,bl,Hardware,hex_he,0.0518,D88,M3,M3,h,d88622097d,0.0230,False,black,hexh,2,d88622,Screw Socket Cap M3 Black 20 mm Length Hex Head,M3,8g55u,20_m,HARDW,b,20MMLE,7318156890,5050420918824,blac,S,HARDWARE,bl,HARD,sc,BLACK,20_mm_length_hex_head,M3,0.0518,5U,Socket Cap M3X20 mm Black (Hex Head),,HARDWA,Screw Socket Cap
hardware_screw_socket_cap_m3_black_25_mm_length_hex_head,25,m3,,m3,0.0300,scr,HEX_,hard,black,HARD,HAR,Hardware Screw Socket Cap M3 Black 25 mm Length Hex Head,M3,42cbebfcded98913de89808f1df0f00f,BL,HEXHEA,hardwa,,,hexhea,M3,HEX,m3,h,h,2,SCREW_,B,42CBEB,hex_head,,m3,M3,[],he,HEXH,1150M390025,blac,B,m3,HE,hex,scr,H,sc3b25h,1891052,screw,hardware_screw_socket_cap_m3_black_25_mm_length_hex_head,ha,H,SCR,,3,BLACK,Hex Head,2lt,HARDW,SCREW_SOCKET_CAP,h,Hardware,BL,hard,[],Hex Head,42CBE,m,,M3 Black 25 mm Length Hex Head,S,Black,,bla,Hex Head,H,25,SC,0.0600,SC3B25H,[hardware_screw_socket_cap_m3_black_25_mm_length_hex_head](https://github.com/oomlout/oomlout_oomp_part_src/tree/main/parts/hardware_screw_socket_cap_m3_black_25_mm_length_hex_head/working)<br>[sscm3b](https://github.com/oomlout/oomlout_oomp_part_src/tree/main/parts/hardware_screw_socket_cap_m3_black_25_mm_length_hex_head/working)<br>[Hardware Screw Socket Cap M3 Black 25 Mm Length Hex Head](https://github.com/oomlout/oomlout_oomp_part_src/tree/main/parts/hardware_screw_socket_cap_m3_black_25_mm_length_hex_head/working)<br><br>,hex_,HEX,Screw Socket Cap,25_M,BLACK,m3,har,HEX_HEAD,25_MM,25,h,M3,4800,,hardw,orbital_fasteners,B25,SCR,M3,HA,HA,he,M,SSCM3B,M,sheep grapes car,head_type_diagram.png,25_mm_length,https://www.harclob2b.com/m3-x-25-socket-cap-screw-gr12-9-self-colour-din-91-1150m390025,m3,Black 25 Mm Length Hex Head,black,25 mm Length,SCREW,,hardwa,parts/hardware_screw_socket_cap_m3_black_25_mm_length_hex_head,:sheep: :grapes: :car:,25m,42cbe,0.0333,H,ha,Black,M3,scre,SC,25MML,42c,2LT,25 mm Length,B25,25 mm Length Hex Head,M,25_,oomp_hardware_screw_socket_cap_m3_black_25_mm_length_hex_head,25_mm,S,hexhe,hex,25,25M,BEB,m3_black_25_mm_length_hex_head,har,0.0333,m3,H,3,BLACK,M3 X 25 SOCKET CAP SCREW GR12.9 SELF COLOUR DIN 912 (150),25,2,25MM,25 mm,beb,HAR,2,2LTRF,[hardware_screw_socket_cap_m3_black_25_mm_length_hex_head](https://github.com/oomlout/oomlout_oomp_part_src/tree/main/parts/hardware_screw_socket_cap_m3_black_25_mm_length_hex_head/working)<br><br>,25,screws,0.0600,M3,black,M3,scre,HEXHE,,25_MM_LENGTH,Black 25 mm Length Hex Head,screw_,https://www.orbitalfasteners.co.uk/products/m3-x-25-socket-cap-screw-high-tensile-grade-12-9-self-colour-,SCRE,screw_socket_cap,SCREWS,B,Socket Cap,m3,SCRE,25_MM_,hardware,42CBEBFCDE,"['sheep', 'grapes', 'car']",25_,screw_socket_cap_m3_black_25_mm_length_hex_head,BLACK,m,25mmle,Black,200,b,bla,s,M3,25_mm_,2,0.0300,HEX_H,https://github.com/oomlout/oomlout_oomp_part_src/tree/main/parts/hardware_screw_socket_cap_m3_black_25_mm_length_hex_head,BLA,m,M3,b,25mml,HARDWA,screw,hex_h,hardware_screw_socket_cap_m3_black_25_mm_length_hex_head,sc,"[':sheep:', ':grapes:', ':car:']",h,HE,25mm,sscm3b,s,rf,,black,m3,2,SCREW,HEX_HE,BLAC,black_25_mm_length_hex_head,s,0.0333,m3,200,H,25,,BLA,type_diagram.png,hardw,hardware,0.0266,BLAC,bl,Hardware,hex_he,0.0600,42C,M3,M3,h,42cbebfcde,0.0266,False,black,hexh,2,42cbeb,Screw Socket Cap M3 Black 25 mm Length Hex Head,M3,2ltrf,25_m,HARDW,b,25MMLE,7318156890,5050420918831,blac,S,HARDWARE,bl,HARD,sc,BLACK,25_mm_length_hex_head,M3,0.0600,RF,Socket Cap M3X25 mm Black (Hex Head),,HARDWA,Screw Socket Cap
hardware_screw_socket_cap_m3_black_30_mm_length_hex_head,30,m3,,m3,0.0348,scr,HEX_,hard,black,HARD,HAR,Hardware Screw Socket Cap M3 Black 30 mm Length Hex Head,M3,2c6b9720b72d3c4aefd4c4fb93cbd7b7,BL,HEXHEA,hardwa,,,hexhea,M3,HEX,m3,h,h,3,SCREW_,B,2C6B97,hex_head,,m3,M3,[],he,HEXH,1150M390030,blac,B,m3,HE,hex,scr,H,sc3b30h,1891054,screw,hardware_screw_socket_cap_m3_black_30_mm_length_hex_head,ha,H,SCR,,3,BLACK,Hex Head,1qe,HARDW,SCREW_SOCKET_CAP,h,Hardware,BL,hard,[],Hex Head,2C6B9,m,,M3 Black 30 mm Length Hex Head,S,Black,,bla,Hex Head,H,30,SC,0.0697,SC3B30H,[hardware_screw_socket_cap_m3_black_30_mm_length_hex_head](https://github.com/oomlout/oomlout_oomp_part_src/tree/main/parts/hardware_screw_socket_cap_m3_black_30_mm_length_hex_head/working)<br>[sscm3b](https://github.com/oomlout/oomlout_oomp_part_src/tree/main/parts/hardware_screw_socket_cap_m3_black_30_mm_length_hex_head/working)<br>[Hardware Screw Socket Cap M3 Black 30 Mm Length Hex Head](https://github.com/oomlout/oomlout_oomp_part_src/tree/main/parts/hardware_screw_socket_cap_m3_black_30_mm_length_hex_head/working)<br><br>,hex_,HEX,Screw Socket Cap,30_M,BLACK,m3,har,HEX_HEAD,30_MM,30,h,M3,4800,,hardw,orbital_fasteners,B30,SCR,M3,HA,HA,he,M,SSCM3B,M,snowflake chestnut baseball,head_type_diagram.png,30_mm_length,https://www.harclob2b.com/m3-x-30-socket-cap-screw-gr12-9-self-colour-din-91-1150m390030,m3,Black 30 Mm Length Hex Head,black,30 mm Length,SCREW,,hardwa,parts/hardware_screw_socket_cap_m3_black_30_mm_length_hex_head,:snowflake: :chestnut: :baseball:,30m,2c6b9,0.0387,H,ha,Black,M3,scre,SC,30MML,2c6,1QE,30 mm Length,B30,30 mm Length Hex Head,M,30_,oomp_hardware_screw_socket_cap_m3_black_30_mm_length_hex_head,30_mm,S,hexhe,hex,30,30M,B97,m3_black_30_mm_length_hex_head,har,0.0387,m3,H,3,BLACK,M3 X 30 SOCKET CAP SCREW GR12.9 SELF COLOUR DIN 912 (150),30,3,30MM,30 mm,b97,HAR,3,1QE8N,[hardware_screw_socket_cap_m3_black_30_mm_length_hex_head](https://github.com/oomlout/oomlout_oomp_part_src/tree/main/parts/hardware_screw_socket_cap_m3_black_30_mm_length_hex_head/working)<br><br>,30,screws,0.0697,M3,black,M3,scre,HEXHE,,30_MM_LENGTH,Black 30 mm Length Hex Head,screw_,https://www.orbitalfasteners.co.uk/products/m3-x-30-socket-cap-screw-high-tensile-grade-12-9-self-colour,SCRE,screw_socket_cap,SCREWS,B,Socket Cap,m3,SCRE,30_MM_,hardware,2C6B9720B7,"['snowflake', 'chestnut', 'baseball']",30_,screw_socket_cap_m3_black_30_mm_length_hex_head,BLACK,m,30mmle,Black,200,b,bla,s,M3,30_mm_,3,0.0348,HEX_H,https://github.com/oomlout/oomlout_oomp_part_src/tree/main/parts/hardware_screw_socket_cap_m3_black_30_mm_length_hex_head,BLA,m,M3,b,30mml,HARDWA,screw,hex_h,hardware_screw_socket_cap_m3_black_30_mm_length_hex_head,sc,"[':snowflake:', ':chestnut:', ':baseball:']",h,HE,30mm,sscm3b,s,8n,,black,m3,3,SCREW,HEX_HE,BLAC,black_30_mm_length_hex_head,s,0.0387,m3,200,H,30,,BLA,type_diagram.png,hardw,hardware,0.0309,BLAC,bl,Hardware,hex_he,0.0697,2C6,M3,M3,h,2c6b9720b7,0.0309,False,black,hexh,3,2c6b97,Screw Socket Cap M3 Black 30 mm Length Hex Head,M3,1qe8n,30_m,HARDW,b,30MMLE,7318156890,5050420918848,blac,S,HARDWARE,bl,HARD,sc,BLACK,30_mm_length_hex_head,M3,0.0697,8N,Socket Cap M3X30 mm Black (Hex Head),,HARDWA,Screw Socket Cap
hardware_screw_socket_cap_m3_black_35_mm_length_hex_head,35,m3,,m3,0.0378,scr,HEX_,hard,black,HARD,HAR,Hardware Screw Socket Cap M3 Black 35 mm Length Hex Head,M3,24a61a76c70a9df4b90e47df5abe90aa,BL,HEXHEA,hardwa,,,hexhea,M3,HEX,m3,h,h,3,SCREW_,B,24A61A,hex_head,,m3,M3,[],he,HEXH,1150M390035,blac,B,m3,HE,hex,scr,H,sc3b35h,1891056,screw,hardware_screw_socket_cap_m3_black_35_mm_length_hex_head,ha,H,SCR,,3,BLACK,Hex Head,1fh,HARDW,SCREW_SOCKET_CAP,h,Hardware,BL,hard,[],Hex Head,24A61,m,,M3 Black 35 mm Length Hex Head,S,Black,,bla,Hex Head,H,35,SC,0.0756,SC3B35H,[hardware_screw_socket_cap_m3_black_35_mm_length_hex_head](https://github.com/oomlout/oomlout_oomp_part_src/tree/main/parts/hardware_screw_socket_cap_m3_black_35_mm_length_hex_head/working)<br>[sscm3b](https://github.com/oomlout/oomlout_oomp_part_src/tree/main/parts/hardware_screw_socket_cap_m3_black_35_mm_length_hex_head/working)<br>[Hardware Screw Socket Cap M3 Black 35 Mm Length Hex Head](https://github.com/oomlout/oomlout_oomp_part_src/tree/main/parts/hardware_screw_socket_cap_m3_black_35_mm_length_hex_head/working)<br><br>,hex_,HEX,Screw Socket Cap,35_M,BLACK,m3,har,HEX_HEAD,35_MM,35,h,M3,3000,,hardw,orbital_fasteners,B35,SCR,M3,HA,HA,he,M,SSCM3B,M,droplet trumpet clap,head_type_diagram.png,35_mm_length,https://www.harclob2b.com/m3-x-35-socket-cap-screw-gr12-9-self-colour-din-91-1150m390035,m3,Black 35 Mm Length Hex Head,black,35 mm Length,SCREW,,hardwa,parts/hardware_screw_socket_cap_m3_black_35_mm_length_hex_head,:droplet: :trumpet: :clap:,35m,24a61,0.0420,H,ha,Black,M3,scre,SC,35MML,24a,1FH,35 mm Length,B35,35 mm Length Hex Head,M,35_,oomp_hardware_screw_socket_cap_m3_black_35_mm_length_hex_head,35_mm,S,hexhe,hex,35,35M,61A,m3_black_35_mm_length_hex_head,har,0.0420,m3,H,3,BLACK,M3 X 35 SOCKET CAP SCREW GR12.9 SELF COLOUR DIN 912 (150),35,3,35MM,35 mm,61a,HAR,3,1FH96,[hardware_screw_socket_cap_m3_black_35_mm_length_hex_head](https://github.com/oomlout/oomlout_oomp_part_src/tree/main/parts/hardware_screw_socket_cap_m3_black_35_mm_length_hex_head/working)<br><br>,35,screws,0.0756,M3,black,M3,scre,HEXHE,,35_MM_LENGTH,Black 35 mm Length Hex Head,screw_,https://www.orbitalfasteners.co.uk/products/m3-x-35-socket-cap-screw-high-tensile-grade-12-9-self-colour,SCRE,screw_socket_cap,SCREWS,B,Socket Cap,m3,SCRE,35_MM_,hardware,24A61A76C7,"['droplet', 'trumpet', 'clap']",35_,screw_socket_cap_m3_black_35_mm_length_hex_head,BLACK,m,35mmle,Black,200,b,bla,s,M3,35_mm_,3,0.0378,HEX_H,https://github.com/oomlout/oomlout_oomp_part_src/tree/main/parts/hardware_screw_socket_cap_m3_black_35_mm_length_hex_head,BLA,m,M3,b,35mml,HARDWA,screw,hex_h,hardware_screw_socket_cap_m3_black_35_mm_length_hex_head,sc,"[':droplet:', ':trumpet:', ':clap:']",h,HE,35mm,sscm3b,s,96,,black,m3,3,SCREW,HEX_HE,BLAC,black_35_mm_length_hex_head,s,0.0420,m3,200,H,35,,BLA,type_diagram.png,hardw,hardware,0.0336,BLAC,bl,Hardware,hex_he,0.0756,24A,M3,M3,h,24a61a76c7,0.0336,False,black,hexh,3,24a61a,Screw Socket Cap M3 Black 35 mm Length Hex Head,M3,1fh96,35_m,HARDW,b,35MMLE,7318156890,5050420918855,blac,S,HARDWARE,bl,HARD,sc,BLACK,35_mm_length_hex_head,M3,0.0756,96,Socket Cap M3X35 mm Black (Hex Head),,HARDWA,Screw Socket Cap
hardware_screw_socket_cap_m3_black_6_mm_length_hex_head,6_,m3,,m3,0.0202,scr,HEX_,hard,black,HARD,HAR,Hardware Screw Socket Cap M3 Black 6 mm Length Hex Head,M3,2ceb4c2521a823c77174808b26681ce6,BL,HEXHEA,hardwa,,,hexhea,M3,HEX,m3,h,h,6,SCREW_,B,2CEB4C,hex_head,,m3,M3,[],he,HEXH,1150M390006,blac,B,m3,HE,hex,scr,H,sc3b6h,1891000,screw,hardware_screw_socket_cap_m3_black_6_mm_length_hex_head,ha,H,SCR,,3,BLACK,Hex Head,1r3,HARDW,SCREW_SOCKET_CAP,h,Hardware,BL,hard,[],Hex Head,2CEB4,m,,M3 Black 6 mm Length Hex Head,S,Black,,bla,Hex Head,H,6m,SC,0.0405,SC3B6H,[hardware_screw_socket_cap_m3_black_6_mm_length_hex_head](https://github.com/oomlout/oomlout_oomp_part_src/tree/main/parts/hardware_screw_socket_cap_m3_black_6_mm_length_hex_head/working)<br>[sscm3b](https://github.com/oomlout/oomlout_oomp_part_src/tree/main/parts/hardware_screw_socket_cap_m3_black_6_mm_length_hex_head/working)<br>[Hardware Screw Socket Cap M3 Black 6 Mm Length Hex Head](https://github.com/oomlout/oomlout_oomp_part_src/tree/main/parts/hardware_screw_socket_cap_m3_black_6_mm_length_hex_head/working)<br><br>,hex_,HEX,Screw Socket Cap,6_MM,BLACK,m3,har,HEX_HEAD,6_MM_,6_,h,M3,4800,,hardw,orbital_fasteners,B6,SCR,M3,HA,HA,he,M,SSCM3B,M,snowflake car turtle,head_type_diagram.png,6_mm_length,https://www.harclob2b.com/m3-x-6-socket-cap-screw-gr12-9-self-colour-din-912-1150m390006,m3,Black 6 Mm Length Hex Head,black,6 mm Length,SCREW,,hardwa,parts/hardware_screw_socket_cap_m3_black_6_mm_length_hex_head,:snowflake: :car: :turtle:,6mm,2ceb4,0.0225,H,ha,Black,M3,scre,SC,6MMLE,2ce,1R3,6 mm Length,B6,6 mm Length Hex Head,M,6_m,oomp_hardware_screw_socket_cap_m3_black_6_mm_length_hex_head,6_mm_,S,hexhe,hex,6,6MM,B4C,m3_black_6_mm_length_hex_head,har,0.0225,m3,H,3,BLACK,M3 X 6 SOCKET CAP SCREW GR12.9 SELF COLOUR DIN 912 (150),6,6,6MML,6 mm,b4c,HAR,6,1R3GS,[hardware_screw_socket_cap_m3_black_6_mm_length_hex_head](https://github.com/oomlout/oomlout_oomp_part_src/tree/main/parts/hardware_screw_socket_cap_m3_black_6_mm_length_hex_head/working)<br><br>,6M,screws,0.0405,M3,black,M3,scre,HEXHE,,6_MM_LENGTH,Black 6 mm Length Hex Head,screw_,https://www.orbitalfasteners.co.uk/products/m3-x-6-socket-cap-screw-high-tensile-grade-12-9-self-colour,SCRE,screw_socket_cap,SCREWS,B,Socket Cap,m3,SCRE,6_MM_L,hardware,2CEB4C2521,"['snowflake', 'car', 'turtle']",6_M,screw_socket_cap_m3_black_6_mm_length_hex_head,BLACK,m,6mmlen,Black,200,b,bla,s,M3,6_mm_l,6,0.0202,HEX_H,https://github.com/oomlout/oomlout_oomp_part_src/tree/main/parts/hardware_screw_socket_cap_m3_black_6_mm_length_hex_head,BLA,m,M3,b,6mmle,HARDWA,screw,hex_h,hardware_screw_socket_cap_m3_black_6_mm_length_hex_head,sc,"[':snowflake:', ':car:', ':turtle:']",h,HE,6mml,sscm3b,s,gs,,black,m3,6,SCREW,HEX_HE,BLAC,black_6_mm_length_hex_head,s,0.0225,m3,200,H,6,,BLA,type_diagram.png,hardw,hardware,0.0180,BLAC,bl,Hardware,hex_he,0.0405,2CE,M3,M3,h,2ceb4c2521,0.0180,False,black,hexh,6,2ceb4c,Screw Socket Cap M3 Black 6 mm Length Hex Head,M3,1r3gs,6_mm,HARDW,b,6MMLEN,7318156890,5050420918749,blac,S,HARDWARE,bl,HARD,sc,BLACK,6_mm_length_hex_head,M3,0.0405,GS,Socket Cap M3X6 mm Black (Hex Head),,HARDWA,Screw Socket Cap
hardware_screw_socket_cap_m3_black_8_mm_length_hex_head,8_,m3,,m3,0.0211,scr,HEX_,hard,black,HARD,HAR,Hardware Screw Socket Cap M3 Black 8 mm Length Hex Head,M3,852f45f72d48e7c039832897f6b7ce6b,BL,HEXHEA,hardwa,,,hexhea,M3,HEX,m3,h,h,8,SCREW_,B,852F45,hex_head,,m3,M3,[],he,HEXH,1150M390008,blac,B,m3,HE,hex,scr,H,sc3b8h,1891010,screw,hardware_screw_socket_cap_m3_black_8_mm_length_hex_head,ha,H,SCR,,3,BLACK,Hex Head,572,HARDW,SCREW_SOCKET_CAP,h,Hardware,BL,hard,[],Hex Head,852F4,m,,M3 Black 8 mm Length Hex Head,S,Black,,bla,Hex Head,H,8m,SC,0.0421,SC3B8H,[hardware_screw_socket_cap_m3_black_8_mm_length_hex_head](https://github.com/oomlout/oomlout_oomp_part_src/tree/main/parts/hardware_screw_socket_cap_m3_black_8_mm_length_hex_head/working)<br>[sscm3b](https://github.com/oomlout/oomlout_oomp_part_src/tree/main/parts/hardware_screw_socket_cap_m3_black_8_mm_length_hex_head/working)<br>[Hardware Screw Socket Cap M3 Black 8 Mm Length Hex Head](https://github.com/oomlout/oomlout_oomp_part_src/tree/main/parts/hardware_screw_socket_cap_m3_black_8_mm_length_hex_head/working)<br><br>,hex_,HEX,Screw Socket Cap,8_MM,BLACK,m3,har,HEX_HEAD,8_MM_,8_,h,M3,4800,,hardw,orbital_fasteners,B8,SCR,M3,HA,HA,he,M,SSCM3B,M,bulb cyclone snake,head_type_diagram.png,8_mm_length,https://www.harclob2b.com/m3-x-8-socket-cap-screw-gr12-9-self-colour-din-912-1150m390008,m3,Black 8 Mm Length Hex Head,black,8 mm Length,SCREW,,hardwa,parts/hardware_screw_socket_cap_m3_black_8_mm_length_hex_head,:bulb: :cyclone: :snake:,8mm,852f4,0.0234,H,ha,Black,M3,scre,SC,8MMLE,852,572,8 mm Length,B8,8 mm Length Hex Head,M,8_m,oomp_hardware_screw_socket_cap_m3_black_8_mm_length_hex_head,8_mm_,S,hexhe,hex,8,8MM,F45,m3_black_8_mm_length_hex_head,har,0.0234,m3,H,3,BLACK,M3 X 8 SOCKET CAP SCREW GR12.9 SELF COLOUR DIN 912 (150),8,8,8MML,8 mm,f45,HAR,8,572V9,[hardware_screw_socket_cap_m3_black_8_mm_length_hex_head](https://github.com/oomlout/oomlout_oomp_part_src/tree/main/parts/hardware_screw_socket_cap_m3_black_8_mm_length_hex_head/working)<br><br>,8M,screws,0.0421,M3,black,M3,scre,HEXHE,,8_MM_LENGTH,Black 8 mm Length Hex Head,screw_,https://www.orbitalfasteners.co.uk/products/m3-x-8-socket-cap-screw-high-tensile-grade-12-9-self-colour,SCRE,screw_socket_cap,SCREWS,B,Socket Cap,m3,SCRE,8_MM_L,hardware,852F45F72D,"['bulb', 'cyclone', 'snake']",8_M,screw_socket_cap_m3_black_8_mm_length_hex_head,BLACK,m,8mmlen,Black,200,b,bla,s,M3,8_mm_l,8,0.0211,HEX_H,https://github.com/oomlout/oomlout_oomp_part_src/tree/main/parts/hardware_screw_socket_cap_m3_black_8_mm_length_hex_head,BLA,m,M3,b,8mmle,HARDWA,screw,hex_h,hardware_screw_socket_cap_m3_black_8_mm_length_hex_head,sc,"[':bulb:', ':cyclone:', ':snake:']",h,HE,8mml,sscm3b,s,v9,,black,m3,8,SCREW,HEX_HE,BLAC,black_8_mm_length_hex_head,s,0.0234,m3,200,H,8,,BLA,type_diagram.png,hardw,hardware,0.0187,BLAC,bl,Hardware,hex_he,0.0421,852,M3,M3,h,852f45f72d,0.0187,False,black,hexh,8,852f45,Screw Socket Cap M3 Black 8 mm Length Hex Head,M3,572v9,8_mm,HARDW,b,8MMLEN,7318156890,5050420918756,blac,S,HARDWARE,bl,HARD,sc,BLACK,8_mm_length_hex_head,M3,0.0421,V9,Socket Cap M3X8 mm Black (Hex Head),,HARDWA,Screw Socket Cap
hardware_washer_m3,,m3,,m3,0.0022,was,,hard,,HARD,HAR,Hardware Washer M3,M3,723ab6c63a09d9a8c4eb81703da86eb6,,,hardwa,,,,M3,,m3,h,h,,WASHER,,723AB6,,,m3,M3,[],,,0412T39,,,m3,,,was,H,,1711000,washe,hardware_washer_m3,ha,H,WAS,,3,,,,HARDW,WASHER,,Hardware,,hard,[],,723AB,m,,M3,W,,,,,,,WA,0.0022,,[hardware_washer_m3](https://github.com/oomlout/oomlout_oomp_part_src/tree/main/parts/hardware_washer_m3/working)<br>[wm3](https://github.com/oomlout/oomlout_oomp_part_src/tree/main/parts/hardware_washer_m3/working)<br>[Hardware Washer M3](https://github.com/oomlout/oomlout_oomp_part_src/tree/main/parts/hardware_washer_m3/working)<br><br>,,,Washer,,,m3,har,,,,,M3,36000,,hardw,orbital_fasteners, ,WAS,M3,HA,HA,,M,WM3,M,dolls koala beer,,,https://www.harclob2b.com/3mm-bright-plain-washer-form-a-self-colour-din-125-0412t39,m3,M3,,,WASHE,,hardwa,parts/hardware_washer_m3,:dolls: :koala: :beer:,,723ab,0.0022,,ha,,M3,wash,WA,,,,, ,M3,M,,oomp_hardware_washer_m3,,W,,,,,,m3,har,0.0022,m3,,3,,3MM BRIGHT PLAIN WASHER FORM A SELF COLOUR DIN 125A,,,,,,HAR,,4GGC6,[hardware_washer_m3](https://github.com/oomlout/oomlout_oomp_part_src/tree/main/parts/hardware_washer_m3/working)<br><br>,,washer,0.0022,M3,,M3,wash,,,,M3,washer,https://www.orbitalfasteners.co.uk/products/m3-mild-steel-form-a-flat-washer-bright-zinc-plated-din-125-1a-3-2x7x05mm-,WASH,washer,WASHER,,,m3,WASH,,hardware,723AB6C63A,"['dolls', 'koala', 'beer']",,washer_m3,,m,,,1000,,,w,M3,,,0.0022,,https://github.com/oomlout/oomlout_oomp_part_src/tree/main/parts/hardware_washer_m3,,m,,,,HARDWA,washe,,hardware_washer_m3,wa,"[':dolls:', ':koala:', ':beer:']",,,,wm3,w,,,,m3,,WASHE,,,m3,w,0.0022,m3,1000,H, ,,,,hardw,hardware,0.0018,,,Hardware,,0.0022,,M3,M3,h,723ab6c63a,0.0018,False,,,,723ab6,Washer M3,M3,4ggc6,,HARDW,,,7318220098,5050420105958,,W,HARDWARE,,HARD,wa,,m3,M3,0.0022,,,,HARDWA,Washer
